insert into destination (id, city, uf, landing_place) values 
(1, 'São Paulo', 'SP', 'Aeroporto de Guarulhos'),
(2, 'Rio de Janeiro', 'RJ', 'Aeroporto do Galeão'),
(3, 'Belo Horizonte', 'MG', 'Aeroporto de Confins'),
(4, 'Brasília', 'DF', 'Aeroporto de Brasília'),
(5, 'Salvador', 'BA', 'Aeroporto de Salvador'),
(6, 'Recife', 'PE', 'Aeroporto de Recife'),
(7, 'Fortaleza', 'CE', 'Aeroporto de Fortaleza');

insert into offer (destination_id, discount, expiration) values 
(1, 0.5, TO_TIMESTAMP('2021-12-31 00:00:00', 'YYYY-MM-DD HH24:MI:SS')),
(null, 0.25, TO_TIMESTAMP('2022-01-05 00:00:00', 'YYYY-MM-DD HH24:MI:SS')),
(6, 0.15, TO_TIMESTAMP('2022-01-01 09:00:00', 'YYYY-MM-DD HH24:MI:SS'));

insert into trip (destination_id, departure, arrival, default_value) values 
(1, TO_TIMESTAMP('2021-12-29 08:00:00', 'YYYY-MM-DD HH24:MI:SS'), TO_TIMESTAMP('2021-12-29 09:00:00', 'YYYY-MM-DD HH24:MI:SS'), 250),
(1, TO_TIMESTAMP('2021-12-30 09:00:00', 'YYYY-MM-DD HH24:MI:SS'), TO_TIMESTAMP('2021-12-30 10:00:00', 'YYYY-MM-DD HH24:MI:SS'), 270),
(2, TO_TIMESTAMP('2021-12-30 09:30:00', 'YYYY-MM-DD HH24:MI:SS'), TO_TIMESTAMP('2021-12-30 10:20:00', 'YYYY-MM-DD HH24:MI:SS'), 290),
(2, TO_TIMESTAMP('2021-12-31 14:30:00', 'YYYY-MM-DD HH24:MI:SS'), TO_TIMESTAMP('2021-12-31 15:20:00', 'YYYY-MM-DD HH24:MI:SS'), 290),
(3, TO_TIMESTAMP('2022-01-01 09:30:00', 'YYYY-MM-DD HH24:MI:SS'), TO_TIMESTAMP('2022-01-01 10:50:00', 'YYYY-MM-DD HH24:MI:SS'), 290),
(3, TO_TIMESTAMP('2022-01-02 09:00:00', 'YYYY-MM-DD HH24:MI:SS'), TO_TIMESTAMP('2022-01-02 10:05:00', 'YYYY-MM-DD HH24:MI:SS'), 290),
(4, TO_TIMESTAMP('2021-12-30 11:30:00', 'YYYY-MM-DD HH24:MI:SS'), TO_TIMESTAMP('2021-12-30 12:45:00', 'YYYY-MM-DD HH24:MI:SS'), 290),
(4, TO_TIMESTAMP('2021-12-31 12:30:00', 'YYYY-MM-DD HH24:MI:SS'), TO_TIMESTAMP('2021-12-31 13:15:00', 'YYYY-MM-DD HH24:MI:SS'), 290),
(5, TO_TIMESTAMP('2021-12-29 18:30:00', 'YYYY-MM-DD HH24:MI:SS'), TO_TIMESTAMP('2021-12-29 19:15:00', 'YYYY-MM-DD HH24:MI:SS'), 290),
(5, TO_TIMESTAMP('2021-12-30 16:30:00', 'YYYY-MM-DD HH24:MI:SS'), TO_TIMESTAMP('2021-12-30 17:35:00', 'YYYY-MM-DD HH24:MI:SS'), 290),
(6, TO_TIMESTAMP('2021-12-29 15:45:00', 'YYYY-MM-DD HH24:MI:SS'), TO_TIMESTAMP('2021-12-29 16:35:00', 'YYYY-MM-DD HH24:MI:SS'), 290),
(6, TO_TIMESTAMP('2021-12-31 14:15:00', 'YYYY-MM-DD HH24:MI:SS'), TO_TIMESTAMP('2021-12-31 15:30:00', 'YYYY-MM-DD HH24:MI:SS'), 290),
(7, TO_TIMESTAMP('2021-12-30 09:30:00', 'YYYY-MM-DD HH24:MI:SS'), TO_TIMESTAMP('2021-12-30 10:35:00', 'YYYY-MM-DD HH24:MI:SS'), 290),
(7, TO_TIMESTAMP('2021-12-30 19:05:00', 'YYYY-MM-DD HH24:MI:SS'), TO_TIMESTAMP('2021-12-30 20:25:00', 'YYYY-MM-DD HH24:MI:SS'), 290),
(1, TO_TIMESTAMP('2021-12-31 07:35:00', 'YYYY-MM-DD HH24:MI:SS'), TO_TIMESTAMP('2021-12-31 08:45:00', 'YYYY-MM-DD HH24:MI:SS'), 290);